label,spectral_centroid,spectral_rolloff,zero_crossing_rate
blues,1784.1226412753101,3805.7230301080335,0.08304482066898686
blues,1530.2617669893777,3550.7136156830047,0.05603980870552978
blues,1552.8324814348227,3042.4101154654873,0.07629120746326373
blues,1070.1534175250663,2184.8790286035382,0.03330886262567672
blues,1835.12851277257,3579.9574708164155,0.10146053871809745
blues,1832.0115969728529,3481.4676306917054,0.09404153373936582
blues,1459.4696908114731,2795.910729498985,0.07305223740815932
blues,1451.859413795751,2955.3197165929523,0.061442246108855375
blues,1719.4633657271252,3782.441190998405,0.06402488761600927
blues,1817.2305900912734,3943.8319655416185,0.07917482356921887
blues,1410.0234234402606,2765.967419971723,0.06295882576856149
blues,1352.7427097237662,2880.9110920279873,0.043930584759280744
blues,1360.6856016703396,2738.8302548578886,0.06909500676720805
blues,1324.5278252945684,2711.4849187935033,0.0514017032820959
blues,1171.967431930455,2344.9874700913574,0.045036675850734724
blues,1420.438571434397,2930.239280470563,0.06370125495456304
blues,1455.0726339659166,3010.010388721723,0.06134406117072699
blues,1089.0053435041514,2135.41761075261,0.048326248912412995
blues,1537.4913865266892,3495.331815998405,0.056141769987432324
blues,1195.4981309471507,2235.6144526718385,0.05888603900812065
blues,1390.3828142454292,3006.1467358794953,0.05258634232405259
blues,1046.7751266104485,1831.2215641313805,0.047907452387857694
blues,1155.8692567088647,2169.63258818518,0.05856995903422274
blues,1210.1413910383174,2521.9827390878772,0.052467009860788866
blues,1120.166568707164,2324.212009226363,0.04727604770881671
blues,1109.3207630441668,2243.3167778422276,0.051697390999613305
blues,1198.8570176825058,2478.8330644576567,0.05197268646075019
blues,1392.0263572927067,2811.740048578886,0.07241441294470224
blues,1115.5894796268226,2290.6881593496228,0.04801998743232792
blues,1648.8848322083284,3760.300128697796,0.05289486961040216
blues,1379.0236797531356,3015.6143507105567,0.039366118039443156
blues,1330.6062681557469,2898.630603338892,0.04294722484048724
blues,1309.7746510229813,2765.2346582257833,0.03938839846771075
blues,1430.6028402421161,3246.1678418648494,0.04197368341550657
blues,1537.0761619483683,3602.40662612384,0.04570244525812065
blues,1507.1579850499309,3405.5518484447507,0.04541997474381284
blues,1247.5800479447828,2621.496780289298,0.03690734060808198
blues,1188.4732078138645,2339.8331573557134,0.048163866130123745
blues,1514.1569585845884,3451.7991068191704,0.044373172249613305
blues,1151.310495788512,2312.1797282845127,0.03532089858855375
blues,2272.4696393575077,5108.157072487674,0.09764303279679042
blues,2390.421813618198,5403.593285509716,0.10226074596384377
blues,2301.5769168965485,5187.511838837732,0.09782391966357308
blues,2155.845202161907,5011.532444079901,0.08717463022041763
blues,2279.0311186490426,5198.686455463312,0.09252533171403712
blues,1739.1187830723618,4551.058301460992,0.048048310010634185
blues,1913.013075046242,4777.714832420968,0.05845780162412993
blues,2013.0124617688687,4848.792721777118,0.07532370818832174
blues,2148.129104035021,4672.105545787413,0.09876687270398299
blues,1318.6118508553814,3046.5652076384863,0.039961269818252126
blues,1945.2525228542231,4174.460398238109,0.08579060022718484
blues,1977.0957174136204,3943.357335774362,0.10660165313225058
blues,1443.75011263222,3070.6131158461426,0.0671879531612529
blues,2171.3957422720473,4237.303044790458,0.1328151434406419
blues,2030.617038436817,4063.222169101653,0.10339893597737819
blues,2031.993384922239,4023.536459088602,0.11311924485208817
blues,1811.5485980815154,3927.985992785673,0.07550308451759474
blues,1886.9577813534856,3828.2471269576567,0.08993966913186388
blues,2068.3321715132797,4231.815658533933,0.10435170751160093
blues,2235.572388922088,4389.459355967228,0.1422416527697216
blues,1946.448570450021,3955.7143633990718,0.09742287195475638
blues,2503.937744869009,5077.364425482164,0.16753371519721577
blues,2280.154186884487,4732.98305856656,0.11714180624033256
blues,2839.8868647026125,5711.47812137471,0.15441054294760248
blues,2553.3610730069104,5148.284104915893,0.14683293153035576
blues,2816.3627737389425,5613.737696671984,0.14628196297370458
blues,2340.734161475744,4972.721052059164,0.12179161832946636
blues,2258.115149720309,4754.616183747825,0.1127057352088167
blues,2513.3453575324424,5246.740637688515,0.13510738411156226
blues,2371.309053062197,5005.187393507105,0.12512877332269914
blues,2159.398277499849,4684.512534440255,0.09834769854505027
blues,2429.0040940870153,5065.090666237674,0.13464138328982986
blues,2594.754688044524,5659.768457257831,0.1291906086861949
blues,2094.777792927683,4482.603366081787,0.10054024374033256
blues,2515.4635686314255,5770.831822795823,0.12089020507057231
blues,2224.014584740542,4700.258585139936,0.10850946200696056
blues,2645.7246950388817,5612.422056264501,0.13647177711716937
blues,2207.1391896914824,4658.224706804669,0.11153393573569219
blues,2333.5524820822284,4942.777742531903,0.12381951493619489
blues,2442.941257538624,5267.915786778567,0.12468240948859242
blues,1827.2572927983213,3743.613145301624,0.09403926793310131
blues,2116.8973667172613,4195.785430412558,0.127271093145785
blues,2141.540773760361,4628.506221904002,0.10512510271655066
blues,2315.021164983005,5036.6212070403135,0.11795032144238206
blues,2060.8418796735327,4220.299641549449,0.11336735063805105
blues,1311.9502871452892,2636.376839834687,0.05939169143948182
blues,1245.6864186148591,2518.152393597738,0.04881868414056458
blues,1441.680806519086,3082.603762597883,0.05086923880993813
blues,1006.8718290855177,2075.0064009026974,0.032053605955143075
blues,798.6570144423728,1456.1058380764212,0.025648171645398298
blues,1612.6456368857407,3468.7358953560033,0.05819685626933488
blues,991.4865889707818,1943.7254726471867,0.03605237637761021
blues,918.6809999781142,1602.5332846940255,0.03231153023491879
blues,570.3499042411772,929.3001037739269,0.02169698315448569
blues,1239.6334480091227,2519.268189892691,0.05087905730375097
blues,1388.6328938873341,2754.9426864305397,0.05714703270011601
blues,1132.1718112407832,2065.0724831424013,0.04829301708720031
blues,1236.310511771213,2603.544117513776,0.04461485825116009
blues,2310.352908011414,4829.0914230169665,0.12843231885634185
blues,1538.5123663814206,3174.357190762761,0.07476858565351895
classical,1505.357460481124,2717.238763866734,0.0982227015661253
classical,1361.006486221469,2389.011462713892,0.08776562802107502
classical,1490.2748102133896,2785.4189135912125,0.09004578439191802
classical,1526.6289318249846,2916.150270537268,0.10894638498163187
classical,1705.7912691531124,3175.8060605785963,0.11285716659416087
classical,1431.0801468671511,2836.06274244127,0.07521004024071926
classical,1372.6940993686428,2737.930956351508,0.07290118365719257
classical,1358.9954445281364,2668.2852831351506,0.07312700901488786
classical,1516.848913603582,2974.3215609592517,0.07877792983855375
classical,1216.3713864035042,2560.7691505945477,0.056246752344354216
classical,1497.5036380467263,2868.703947487674,0.08621732707366589
classical,950.1801498031009,1697.3176818989268,0.06075721734822119
classical,1180.5324896152026,2154.8524506960557,0.06596252960653519
classical,1388.1392656380106,2598.6645904328598,0.08087606643948182
classical,1279.5154519537928,2389.161345798289,0.06845076251933488
classical,1371.4447396060214,2619.5566270301624,0.07571871374709976
classical,1054.7328868522359,1947.5391644612819,0.04765745843000773
classical,1358.6023759424515,2417.539209777407,0.08107885610015468
classical,1157.8655406408493,2181.9063474296695,0.0706663434116396
classical,1185.144479134992,2290.6215446454466,0.057628894165699926
classical,1218.1514494719818,2294.676714762181,0.0697996725154679
classical,1371.3948853640532,2570.2867264537413,0.07953924074342614
classical,1211.4313268289068,2237.3880691705335,0.06844094402552205
classical,983.9717194937225,1853.1294749673723,0.04421683161736272
classical,1253.0323992049643,2292.7698688551336,0.07162893343967518
classical,1184.272616731386,2139.4394735172564,0.0682921560808198
classical,1278.5184062359633,2233.232976997535,0.08173216357308585
classical,901.7378802312896,1456.4555652733468,0.053432620963843776
classical,1314.399292126819,2398.803824227813,0.08109509437838361
classical,1559.304028746667,2923.1947755039155,0.09219376873066512
classical,1243.6691621009502,2352.889639374275,0.06370465366395979
classical,822.6139611536199,1434.531000761311,0.03944315545243619
classical,792.9088884169765,1207.4498010622099,0.036572756549690645
classical,1128.3811387274045,2165.7939158570184,0.054395966260634185
classical,1369.5923998136116,2655.1038985462587,0.07354051865815932
classical,1016.2036312413069,1823.9772150522042,0.06112352269431554
classical,1282.3275301478,2441.9035378299013,0.059409440255220415
classical,1533.6492784629652,2837.7197832076567,0.09391540385730858
classical,1279.480875341797,2378.020036524797,0.07583880147911833
classical,1633.5822989966382,3161.83362637761,0.10895658110982212
classical,1396.7128037657276,2652.764057062065,0.07262022368039443
classical,1329.4563630678226,2462.2959641458815,0.07881720381380511
classical,1326.2905913173308,2171.396349985665,0.09386497754204894
classical,1063.396723083687,1610.985025286398,0.05100896352958237
classical,1181.884073002171,2033.66365012326,0.0717101248308198
classical,1176.9449938974453,1903.8084622896636,0.06226149338942308
classical,1878.4940039517187,3633.3658098897913,0.11157585315158546
classical,1174.3248424595008,2083.7912150159514,0.06634016398395205
classical,1514.0972710756876,2767.1079847547744,0.08720002350983797
classical,2224.8938399288413,4467.456319236165,0.10944642813951239
classical,1170.256219376788,2360.475388812355,0.04948709698859242
classical,1527.645526264714,3220.8305240784634,0.06010507872968266
classical,2411.5244663469507,4993.363283515806,0.12693159984048724
classical,1462.3835644748758,2740.2111359458554,0.08767017105137509
classical,1702.24789858299,2820.988903306935,0.11507495897545662
classical,1079.788869352158,1764.6318404691126,0.05933844499226605
classical,1681.2723869009876,3078.3259073893228,0.09672226140528549
classical,1751.5809593775805,3236.583651301479,0.09522957149071926
classical,1137.8827996451196,1821.3126268851508,0.08184394334880124
classical,1551.3608602773115,2841.008884226363,0.093266250362529
classical,1803.800200335076,3366.6405343677493,0.1040197668938515
classical,1322.7344268727697,2474.902796911253,0.0761046560808198
classical,1474.7414794976396,2809.8082221577724,0.07402917754253674
classical,690.5300405312647,749.7401686666183,0.03604482369006187
classical,1118.450246121639,1875.6785523310614,0.0422878752175174
classical,829.0091477951953,1014.0839685143561,0.04750791521655066
classical,795.5192461669651,1008.455026011456,0.04502194811001547
classical,1117.67544135447,1992.7705485970127,0.04635726326856149
classical,1559.9200748058706,2813.4220698593385,0.09517254869972931
classical,1349.5622465655813,2443.7437690327724,0.07925337151972157
classical,1355.7633127675824,2522.165929524362,0.07083778941898686
classical,1397.3892884939066,2616.092662412993,0.075862970079273
classical,1285.3702594238277,2477.151043177204,0.06374241710170148
classical,1211.8707246042638,2105.465974387326,0.0709397507008894
classical,1360.1636476762342,2568.9211250181265,0.0721379845804331
classical,1171.477078803794,2235.3896280452436,0.06086408787703016
classical,1340.8675515904358,2523.0652280307427,0.07174562246229699
classical,812.1207958821843,1236.4605047310035,0.048334934503093584
classical,715.8536806386658,1038.6731211934455,0.041281857236078884
classical,790.5070052979709,1159.412272513051,0.05208824258023975
classical,973.5355866616919,1910.8094819460557,0.03153360341744006
classical,1214.3502552431958,2164.7530611042635,0.06057444230955143
classical,1415.4129895873043,2490.0326615973026,0.08737817514984532
classical,853.0763810402683,1401.3818585955626,0.050776340753093584
classical,1002.6849591662105,1734.1472864704176,0.057944596505220415
classical,1525.7917091607942,2733.1846586789443,0.09158955372679814
classical,1356.2906973182814,2496.3027706279004,0.07683462333236658
classical,877.3225402716945,1457.7129178146752,0.05104483879543697
classical,1304.1427959179266,2350.2750122353536,0.07056627030162413
classical,2423.3323353649416,4296.615112021462,0.16665269419470224
classical,2172.3382154638084,4066.8943046693735,0.15196460508507348
classical,2192.5069045226314,4065.970025648927,0.15240530440351896
classical,1807.928082376864,3073.2943576892403,0.13096813370069604
classical,1623.7580253062436,2732.0272281938805,0.10824964955529776
classical,1423.5649269846951,2926.2090908678942,0.07011877356438515
classical,1800.8758120131474,3426.8602269431553,0.12435424521461717
classical,1933.7503480662401,3574.5866602921983,0.11757193179621037
classical,1494.4657470360255,2782.1048320584396,0.08590993269044857
classical,1952.6079332127845,3779.909832239704,0.12342262120552977
classical,1525.0760420116658,3325.672491299304,0.08068536107888631
country,2798.0656266251635,6221.38434516059,0.1072048611111111
country,2938.1313051156862,6279.551664914443,0.12698824499709976
country,2308.811438098025,5190.094610091744,0.07416238114009939
country,2174.1604935047117,4348.07370779315,0.1025643835864938
country,2966.1571589936843,6349.4199392596265,0.12416100280572756
country,2926.532916728232,6177.674360999856,0.13637249376438987
country,2807.9125120088343,6023.044502707776,0.1283081334879495
country,2898.787368032488,6400.052966421972,0.11293582502902477
country,2505.851670781852,5480.083979104424,0.10456258734097919
country,3191.2596105890007,6926.771206325955,0.15687278464988427
country,1861.4546090166984,3769.3680553037993,0.07654006851798144
country,2839.25842945996,6047.924011655307,0.11016274531129157
country,1667.5169597765603,3439.733518525232,0.06405358782869296
country,2811.872177544087,6061.51341130728,0.1295221716695669
country,2952.9885811173413,6570.3581559962295,0.12478399313611756
country,1958.9864228599774,4208.1924190654,0.09423639307811292
country,1426.0207482117,2880.8278236477668,0.060195297394624904
country,1470.2190431491572,2967.8432809781034,0.06387005752126837
country,2068.869796587892,4098.677845399507,0.09558907941802011
country,1138.970375102019,2118.197709723028,0.0509447656854215
country,2407.9531761672592,5212.450718713747,0.08680454853054911
country,1044.7200862613543,1947.6307596795243,0.04564919881090487
country,1719.4714520311265,3449.9672024543215,0.06805726749806651
country,1495.5580556268485,3053.293292760296,0.03546364438321732
country,1738.8802794251512,3424.7701905996228,0.08241794760247487
country,1565.155663257242,3188.704332674739,0.05727693892594741
country,1270.301226914328,2498.1929628589037,0.05480418902262181
country,2011.7251476004385,3907.7517763921114,0.09735036615429234
country,1474.2739870616333,2925.9676125652554,0.05981539721094354
country,1214.2001323890852,2274.3092689602668,0.054210547781322505
country,1240.7101460307977,2413.3841176044084,0.0428343121616396
country,2053.1842219986365,4094.547733740574,0.09532511298820573
country,1823.2405420958114,4016.0006706786544,0.06758635742942769
country,2456.7182165816203,4914.87450832004,0.12363183065061871
country,2614.3440997684415,5435.626631380511,0.11928223789153132
country,2321.8879492685483,4580.651883791328,0.10436530234918794
country,1827.8001725934416,3647.521434527262,0.08486652890564579
country,2068.662126290897,4232.98974269504,0.08496433620939675
country,2860.0275833530027,6246.1527176080335,0.12114926225348027
country,3760.408113053086,7442.153116389936,0.21236722375290024
country,2449.7536777060777,5042.957930775087,0.10630558778035576
country,2634.223606489956,5808.127730296549,0.09586022090100542
country,2387.97203880899,5391.869097574681,0.08704434636020882
country,2530.4998439482647,5070.286613163428,0.13428527407192575
country,1729.7885870910534,3359.5210878589037,0.06650367966937355
country,2777.4882405051285,5622.539164461282,0.13297072880413766
country,2109.417730689385,3843.893255601073,0.11588466139791183
country,1784.0387310049896,3556.0594456931553,0.09410006706786543
country,1939.8088633748253,4126.805904237964,0.06396371084686775
country,1599.911202685332,3006.7296145410382,0.07579197481631864
country,1780.2063536153125,3875.043956641531,0.07894522186774942
country,1553.0252624967882,3167.3210126341355,0.0592791563950116
country,1115.6797010252174,2347.685365610499,0.03546288911446249
country,2271.8519286411943,4957.865973027842,0.10830818288379737
country,1654.4094237766933,3907.9599473426624,0.06018472363205723
country,1881.2205095617792,4111.442888087297,0.08111548663476412
country,1468.4574659783857,3212.660645664153,0.05492503202339521
country,1741.8884862826515,3791.309273491879,0.07544530645784996
country,1796.7119762329241,4165.017763921113,0.07328712599091261
country,1535.405936256092,3510.478334360499,0.0525349840487239
country,1373.628372500732,3070.4965401138343,0.04291625882153906
country,1397.8552412349427,3101.2558797672564,0.04858304028905646
country,2166.6058738727033,4793.95216656395,0.10233551757057231
country,1614.587918187712,3657.9216552167923,0.05825803303847641
country,1511.6824075794034,3237.6494865683003,0.06007520966260634
country,894.5392325301367,1639.8291921947505,0.0386682497099768
country,1701.9620057889879,3244.6606841828598,0.09890433161736273
country,858.1117097118749,1446.105305611949,0.035363948907579275
country,1131.0769030321617,2216.987316016531,0.050235945959010056
country,1327.7101968688287,2755.833658098898,0.06107367495649652
country,1934.7410487910734,4048.308802204176,0.09472278615622583
country,1261.4987366751002,2422.3354684781034,0.0605177971529389
country,1711.3330130756567,3556.5090949463456,0.08226991492652745
country,1548.9063873637622,3289.384131199246,0.06973622994006187
country,1534.0502232319088,3117.7596727269433,0.07112819025522042
country,2187.1340254846705,4840.865571980134,0.11371855060904873
country,1321.6158527095802,2589.8631226435614,0.06649877042246713
country,1513.0709550116749,2922.4536869199537,0.08782189554331013
country,1144.8885616291911,2223.7570353284514,0.049895697384957464
country,963.6542370411188,1754.931074173434,0.045760600952242846
country,2049.246281139036,4434.515876504495,0.08936113326566125
country,2102.290176447949,4417.928815164588,0.10104778434358082
country,2253.4147941386177,4799.531148038718,0.10606314651005413
country,1436.1116636001782,2924.4271475311775,0.059544633362335654
country,1964.9561710023686,4059.433457801624,0.0929928430732792
country,1596.3192351340858,3291.640704303219,0.06926758567768755
country,1879.437181005724,4031.4303015334976,0.07828473934164733
country,1591.310655282915,3162.97440318663,0.07395969281709204
country,1622.8096134803375,3527.1653177566704,0.06605051841647332
country,1321.763474149792,2584.125931246375,0.052491933729698376
country,1927.5251167094748,3883.6122729662125,0.09899685203982986
country,1563.3792654565405,3233.794160564095,0.06473823895494973
country,2335.0896330198325,4839.225184889791,0.12120930611948956
country,1537.7806406173002,3055.5581927022913,0.06812788512664346
country,1474.747173267392,3107.8590623187356,0.0629996102813225
country,1557.7510489456868,3220.9541763341067,0.0673669518561485
country,1754.316930048776,3504.9992749419953,0.09741305346094355
country,1561.0425270580379,3175.33143081134,0.0671992821925754
country,1425.2797032637804,2981.1912023274363,0.06172207318252127
country,2157.4833631480387,4478.689752211427,0.10824587321152358
disco,2298.1112240567795,4889.646293275712,0.09652545382318953
disco,3292.704549878069,6522.435342111895,0.1885523173483103
disco,3592.2181145867817,8074.817942466648,0.153338438950116
disco,3045.783197240785,6206.430158943966,0.1495607339559387
disco,3328.4809117165955,7195.770306155742,0.16901441959106728
disco,2722.8382056047735,5472.246935614224,0.1446281579262452
disco,2848.395241985928,5506.662886546549,0.16364521401295437
disco,3099.082005849926,6098.201459632395,0.1402915488447409
disco,2801.719944106093,5445.952622059036,0.1643124669216705
disco,3016.9654959671584,5955.0381335194315,0.1706677028953983
disco,2877.4074655436298,5865.166570747535,0.15030263619006187
disco,3132.9752097469195,6864.145655089907,0.1309711547757154
disco,2737.358914673473,5710.012308756511,0.1314991138599537
disco,3391.3650850232443,7203.947261093387,0.1595289992991106
disco,3087.483970853388,6530.043847051567,0.156306688999613
disco,2362.4116318966007,5439.756743039443,0.09022704889307812
disco,2520.434661747475,5334.772696659483,0.11424808429118774
disco,2564.2888412274115,5388.221942521027,0.12072102486948956
disco,3043.1123946763596,6837.516427095417,0.14358338771268367
disco,2117.6008935704253,4198.641535854118,0.10365534971964424
disco,2116.937132007475,4349.140806264501,0.10326298760150812
disco,3248.710113626103,7422.743256960557,0.12404534029389018
disco,3708.1110849955126,7808.475701493619,0.17288668249709976
disco,3167.5553238891907,6730.133523963167,0.15097822409126063
disco,2624.814629146055,5605.777239522912,0.12021650534126063
disco,2410.17299144527,5080.412048198231,0.09966035564095127
disco,3043.44261890053,6612.500283225783,0.13159576203596288
disco,2908.67464508436,6348.173137054089,0.10118297745069606
disco,3715.1863608882204,7728.130041418938,0.19837511480085074
disco,3075.0244878578837,6847.716803672419,0.13853592662412992
disco,3167.957019535548,6935.539964290893,0.15077543443058777
disco,3256.824592073175,6681.488136238399,0.17375184285576178
disco,2446.973203805007,4958.0408366263055,0.12325117519818252
disco,2450.056640885936,5023.3482272331785,0.1244871725154679
disco,3653.6600399416443,7835.304773600638,0.18081285044470224
disco,3623.47282265526,7702.866414860064,0.17633637253480278
disco,3347.8914159725437,7057.02020419446,0.16203007178074247
disco,3637.157091722293,7770.988276718387,0.19001126860982212
disco,3353.4041591983114,7042.789638014791,0.16820212804524362
disco,2328.0941748431023,4866.670443010441,0.10115843121616395
disco,2606.2991274506444,5354.906263594838,0.1264267026778809
disco,1776.2078695953194,3874.369482761746,0.05384424243522815
disco,2403.5943006159314,4900.7438641966355,0.12164094221287702
disco,2875.4360880726217,6020.828480731583,0.1347388129592034
disco,2330.184617913994,4644.4354630401685,0.10958987396075019
disco,2248.030510146551,4609.5460117278135,0.10971902491782676
disco,2259.6134225197134,4889.502632866879,0.11419814626836813
disco,1710.9750338855315,3238.8652049195184,0.08700922636310905
disco,2617.495747563951,4986.227183330917,0.15433765951276102
disco,2396.988699228778,4920.578392365139,0.13527580904389017
disco,2376.0247896611013,5006.06171149942,0.12873971323955916
disco,2650.7330123265738,5370.86048524507,0.15762987601508122
disco,2590.895265318272,5061.243667071491,0.16977497522718485
disco,3078.4715203424153,6405.67828043431,0.15421266253383603
disco,2565.721387688884,5520.260613036543,0.11460297032095901
disco,2108.222110910722,4398.119267510151,0.11039008120649652
disco,1755.0626026809584,3815.532045297999,0.07692752138921113
disco,1937.5108828466305,4163.010995957801,0.0924305454853055
disco,2218.099825491157,4744.0410994598315,0.11094558137567673
disco,2280.0273192565046,4829.1746913971865,0.11017558488012374
disco,1974.5076873650016,4249.843262851653,0.09297320608565351
disco,2549.2697567748187,5583.144893779002,0.11583368075696056
disco,2387.679352105526,4919.995513703596,0.12762833526682135
disco,2583.5803998593105,5856.390083472303,0.0997170007975638
disco,2144.867078927163,4947.807152697216,0.0648764531370843
disco,1887.0062144326305,4363.138220979554,0.07361868897428461
disco,2492.5900128313974,5114.010839617169,0.13856991371809746
disco,2541.894374434493,5183.456668720998,0.14323520881670534
disco,2956.079112286355,6131.50048488254,0.1626135168938515
disco,1931.0406859349848,4516.06060125435,0.0836037195475638
disco,2449.238635818038,5184.522503987819,0.13458360523008508
disco,2809.0680167308506,6001.635119090777,0.155900310566512
disco,2902.9084645115768,5470.108067629785,0.18406730350928074
disco,2847.3774256059246,5925.935834632395,0.17634505812548337
disco,2648.809544128405,5546.0321767147625,0.15107338795436967
disco,2690.503166212552,5775.486525250145,0.12989565206883216
disco,2251.7610160342974,4557.353391005656,0.12186072542053364
disco,2309.274600517877,4945.325754966648,0.11758099502126837
disco,2218.89166415782,4882.1333812173725,0.09612456496519721
disco,2292.3432384956623,5038.586340813515,0.09976307219160867
disco,2144.4212945283607,4958.257334414879,0.08474190956109823
disco,2292.7794270588493,4741.368184454756,0.11640202049497293
disco,2577.207725556345,5419.988829575116,0.1381975662219644
disco,1959.0741388861084,4352.013565382105,0.08998536289153132
disco,2455.249157769272,4726.57972012761,0.15141816814095127
disco,3004.2823843648275,6576.211923125725,0.1586842311968291
disco,1867.9449473321624,3804.782097411543,0.09446561714520495
disco,2139.9275394701563,4527.826423379495,0.1002388915071539
disco,2238.5348872355758,4384.238428527407,0.13140618957849962
disco,2128.9326621445252,4423.058147386166,0.11182509184068058
disco,2574.459664277503,5458.62535799739,0.14611353804137664
disco,2038.0233320076643,4205.2946794337295,0.09160579200502707
disco,2457.290836676926,5267.457810687355,0.11746997051430781
disco,2460.976249719336,5018.7851199971,0.13702236803944315
disco,2207.5083642922987,5074.241861223898,0.09355627356438515
disco,2487.3290420447815,5008.401552983613,0.11803151283352668
disco,2481.7391882072357,4956.558659458382,0.13436042331303172
disco,2825.987251028338,6233.179503969693,0.12045063865525908
disco,2418.030526971729,5386.464979698376,0.11256940919856923
disco,2418.030526971729,5386.464979698376,0.11256940919856923
hiphop,2668.0004395576575,5475.470551315981,0.147308750845901
hiphop,2808.9257718085955,5528.454221650232,0.09770647537219644
hiphop,1490.683575771141,3095.0940196309457,0.05871157192575406
hiphop,2492.9547227672974,5125.735027552204,0.10350127489365817
hiphop,2372.6884690482993,5060.011295044229,0.0998514386359242
hiphop,2709.1715224983186,5794.946345707656,0.12458309164733179
hiphop,2858.1926146109076,6048.0988752537705,0.12817024059841453
hiphop,2047.1754195666026,4553.073396262326,0.07863669458139985
hiphop,3070.837758466108,5754.494566596578,0.17704972387374324
hiphop,2200.1104645288874,4792.170223227233,0.09830917983855375
hiphop,2284.341189135125,4663.012638667344,0.12542634921210363
hiphop,2095.493684451654,4581.942543684745,0.09415142534319412
hiphop,1976.8724759558752,4277.396769866589,0.08725355580529776
hiphop,1798.6768468891012,3626.8209152044665,0.09662455288089714
hiphop,2436.5700963303734,4774.86705381743,0.1338294693783836
hiphop,2397.1443316338377,5283.620203288138,0.11600965837683681
hiphop,2432.633895056764,4919.146176225348,0.11039989970030936
hiphop,2145.0454449830463,4956.067376015081,0.08037456798627224
hiphop,2677.2014312905194,5366.388973227233,0.14572457463263727
hiphop,2470.3099575217398,5255.716969076276,0.10013617495649652
hiphop,2678.1366851461185,5267.091429814385,0.1080872667730085
hiphop,2405.8304964260956,4987.576131090487,0.11971916086620263
hiphop,2025.6497618309736,4603.509054161833,0.07539659162316319
hiphop,2240.2899872227676,4728.4366050065255,0.10665716538573086
hiphop,2517.7936351466747,4926.498774198811,0.13885955928557617
hiphop,2305.1541602197276,4814.935798379495,0.10742489607501933
hiphop,3460.24289862119,7021.890286786841,0.17268506904625383
hiphop,2639.343177690068,5633.429340662317,0.10254357665639445
hiphop,2774.064292349821,5745.168508011891,0.11452140129543696
hiphop,3127.2664007991543,6389.138429974198,0.11533292717889908
hiphop,3725.230349312218,7642.421897658062,0.172685781008314
hiphop,3084.823804546642,6779.025674825852,0.13644361938854488
hiphop,2145.890945678912,4529.893202670785,0.07872191436531008
hiphop,2987.6879685185945,6169.817589393029,0.15281550480769232
hiphop,3191.9170162946484,6355.537277747845,0.1693078753591954
hiphop,2827.4503871683432,6197.057852909483,0.103432186901341
hiphop,2967.147962166956,5804.4461891867895,0.12188535748106061
hiphop,3785.438539628473,7074.1874001242895,0.21422600023674243
hiphop,2208.65791984026,4416.6801868785515,0.09738436612215909
hiphop,2693.217660121341,5976.55684037642,0.11156375769412878
hiphop,2457.2400884546137,5319.8186146129265,0.10350008877840909
hiphop,2702.6536727978196,5555.2972412109375,0.11936627012310606
hiphop,2896.950312515822,6007.0540549538355,0.10171046401515152
hiphop,1846.32383638541,3875.1690673828125,0.061756110913825754
hiphop,2507.355264123504,4457.421985973011,0.1407455906723485
hiphop,2693.217660121341,5976.55684037642,0.11156375769412878
hiphop,2306.891059607127,5000.432768996519,0.09147097653228925
hiphop,3235.5558089909523,7337.784528621664,0.10929758495262955
hiphop,2345.299206046104,5395.29142800174,0.07751058886794276
hiphop,3085.556031555025,6683.5781725819315,0.10873717553654293
hiphop,1683.4272327515525,3618.5440382105567,0.04243024337780356
hiphop,2500.467553526264,5294.528361097013,0.09950325973994587
hiphop,2595.994967867747,5859.520974568591,0.08233033642691415
hiphop,3079.2339737601815,7003.6118651210845,0.10707709481341841
hiphop,3258.307248271105,7619.44815155525,0.1262363749516628
hiphop,1735.1780888053472,3552.329022259281,0.0724604843387471
hiphop,2355.838782301562,5177.219867042489,0.07014558560518175
hiphop,1811.510320100113,3890.7900073412125,0.051442110160479504
hiphop,2677.746993460678,5211.751264319895,0.13613681542440062
hiphop,1949.4353476261645,4219.933260676479,0.06298488254060325
hiphop,1717.3394378748421,3685.6916600203017,0.053872942647911835
hiphop,1811.681664691942,3806.439138177929,0.0673042645494973
hiphop,2448.908553270967,4929.937758301914,0.1095162352571539
hiphop,2671.1443441180336,5320.449807859629,0.1221979529195669
hiphop,2429.7567970045075,5273.794534422129,0.07979187814191802
hiphop,2447.017199907088,5314.679309110354,0.0885514851604795
hiphop,2245.0676185562293,4816.043267836427,0.07937459215487239
hiphop,3053.843913876579,6668.173522241154,0.12687080070572312
hiphop,2544.7011695771357,5683.4499845925175,0.0956740471529389
hiphop,3297.9029244411563,7079.552627882105,0.12088227474864656
hiphop,2500.4618224971823,6026.957033515806,0.06922378008990719
hiphop,3185.160631320678,7471.421952037413,0.1075113743474478
hiphop,1821.46331961173,4003.2772621809745,0.051527455529775716
hiphop,2566.9254687003345,5932.106021606729,0.08562104239172467
hiphop,2774.785858823798,5968.685821037558,0.11074241408062645
hiphop,3140.9185615263345,6336.75704212587,0.14681442744586234
hiphop,2328.52633694279,4935.3418761782195,0.09665249782482599
hiphop,2987.5950110584854,6404.82061611804,0.1376235619682908
hiphop,2328.52633694279,4935.3418761782195,0.09665249782482599
hiphop,3212.057081839573,6310.635751250725,0.17229266362142304
hiphop,3377.550728575826,6893.697603230134,0.15493130075406034
hiphop,1470.2938674326106,3279.0005641857597,0.05182163270978345
hiphop,2290.9396470333063,4820.264974713602,0.11330995021268368
hiphop,2367.639173778173,5016.46193218895,0.11083682267498067
hiphop,2044.214177024692,4074.2718831569027,0.10510961970707657
hiphop,2607.8596297145214,5534.641062300609,0.12721671379543698
hiphop,2083.4389005825383,4479.439167633411,0.07984399168600155
hiphop,2473.246187433862,5509.702182424594,0.08777506888051044
hiphop,2694.78412749389,5599.723628280887,0.14988572783739365
hiphop,2669.9475361239274,5526.430800010876,0.11757230943058777
hiphop,2272.5405031296214,4964.2193504386605,0.10443931868716164
hiphop,2629.0449785113356,5411.5703963348315,0.1385510319992266
hiphop,2330.136830188641,5836.389018543358,0.07259227873646558
hiphop,3185.5488967360475,6278.469175971578,0.15213151947989173
hiphop,1929.8045739109696,4412.4081215559745,0.05418184756863882
hiphop,2735.685144773171,5419.747351272476,0.1575562373114849
hiphop,1752.518630056562,3490.593845163863,0.08311732646945089
hiphop,2582.0374965474734,5731.720664606293,0.11600512676430781
hiphop,2538.6441653895045,5353.532335321201,0.10070602523201856
hiphop,1963.0643813627655,3798.4537005147913,0.10151491806844548
jazz,1503.9322999254405,2799.366367278132,0.07841653373936582
jazz,1266.4884313587363,2410.6862220852668,0.059293884135730855
jazz,1064.7190883164435,1895.8628076964908,0.05785736296403712
jazz,813.4170141933301,1416.9114115066704,0.044649978248259864
jazz,1039.4057429757265,1837.7997661687934,0.04775035648685228
jazz,1268.2111446452006,2486.5520433040892,0.057875111779775716
jazz,1219.5124856006728,2416.473374510586,0.048039624419953596
jazz,1169.7729218908692,1958.322419699826,0.06482660539926527
jazz,1304.6447662986704,2724.341556699536,0.04626700865235885
jazz,749.4465657215494,1134.090358088022,0.03168654534029389
jazz,829.6061468763728,1554.3458730604698,0.03306037920533643
jazz,1825.7919934436593,4011.2377193300463,0.0768886250483372
jazz,1650.9582872211786,3658.879241589327,0.06368954828886311
jazz,1790.2436399601108,4398.1775553763055,0.06107594076276102
jazz,1171.8345898377106,2019.0500493945765,0.06491837055297757
jazz,1782.220467473971,3811.801621864124,0.07355637930201082
jazz,1465.8580996844978,2822.465015951276,0.06984498864075793
jazz,1934.3602751013964,4327.366124836862,0.08414373670726992
jazz,1993.4129867783488,4248.252836789443,0.08770822759570766
jazz,1352.8857477220745,2713.250208454176,0.05545069907675947
jazz,1171.3366948620226,2580.212317376015,0.03296332717034029
jazz,2915.2020776967365,5865.116609719403,0.18137212695765662
jazz,1451.8621242970448,3047.4311987927786,0.051224215124709975
jazz,1988.7524361987282,4317.182401935905,0.08013779123163187
jazz,2034.4917204627848,4342.462682170823,0.09322282240912606
jazz,1697.9171784792436,3806.189333037268,0.06359853840390564
jazz,1367.435200194703,2631.480659077726,0.05861036591260634
jazz,1769.4282675269487,3966.4393307714618,0.06268088686678268
jazz,1854.1337840481792,4031.4136478574537,0.07490491166376644
jazz,2235.248011846126,4683.488333363544,0.09937373114849188
jazz,1687.9309171434163,3354.8497317285382,0.08464938913863108
jazz,1752.7248668089467,3733.795803273637,0.07237627187258314
jazz,1522.0894311198458,3252.079896860499,0.061381069339713844
jazz,1169.439675583144,2443.793730060905,0.04233319134280743
jazz,1759.6144140848987,3574.320201475493,0.07934929065158546
jazz,844.1729949398201,1608.811720562645,0.037725674303944315
jazz,1481.5814852961125,2657.4937010585845,0.09950288210556844
jazz,1276.65130991172,2468.549419500435,0.05150064348897912
jazz,1554.348779839451,3216.3660885839618,0.06639416569992267
jazz,1311.1445630270323,2723.742024361949,0.07648568916763342
jazz,1317.0269708114588,2778.8906725819315,0.054847239341647334
jazz,1617.409384435443,3103.562413899362,0.10058782567188708
jazz,1344.620126251233,2773.0951933185906,0.061185832366589324
jazz,1761.2131331366036,3462.7322451421114,0.08571960496423048
jazz,1004.7574201659099,1811.2538065545243,0.04966836148975251
jazz,937.3823871861681,1763.0913754350347,0.042621704007153906
jazz,1295.2393474800779,2695.60563868547,0.05863604505027069
jazz,1981.9823821841665,4262.017100039879,0.09353588130800464
jazz,1748.3486883454468,3685.416874365574,0.07930246398878577
jazz,2049.705424466469,4562.441089037123,0.06476844970514307
jazz,2486.0099199626684,5797.288135213589,0.08126299096903669
jazz,1193.6599936500752,2479.890572886456,0.042435530259087396
jazz,2289.4808402193494,5243.550127456044,0.07725502618178325
jazz,1804.7976374158895,3646.755365429234,0.07952338009957463
jazz,871.7965368873743,1632.701418847883,0.03777854311678268
jazz,2976.3136721854653,6860.818077674279,0.11474045973557692
jazz,1378.6753716271073,2584.991922400667,0.06185877682714617
jazz,1545.8301777915788,2722.1682519757833,0.099600311774942
jazz,1391.5959542659566,2913.9606228877096,0.03801713930407464
jazz,1427.9245373060999,2730.2785922092517,0.05241074233855375
jazz,2455.008879715117,5469.5079601460575,0.09425926647640061
jazz,1725.6171874007612,3504.599586716937,0.06751573980085074
jazz,2481.5395079724226,5553.985987672018,0.09874629682721713
jazz,1574.959956587146,3339.64492550029,0.055842305926140756
jazz,1337.777103820417,2754.5096908533933,0.07649135368329467
jazz,1579.597166735635,2967.9326156897046,0.0883246111723543
jazz,1353.9940370893112,2830.3671852341936,0.054932207076566125
jazz,1382.8810942210137,2833.0734075913574,0.06120433645108275
jazz,2011.3793005237949,3914.071846450841,0.08750241686001546
jazz,1117.2614806332522,1956.4655348209108,0.05004033135150812
jazz,971.5184947924217,1795.6992731293503,0.04257072336620263
jazz,1336.3546002724486,2751.88673687645,0.058720635150812064
jazz,2967.826756749952,6414.7878412304235,0.12970003746133024
jazz,2415.076791967096,5136.026999347448,0.09553696587393658
jazz,2902.237371028965,6196.799548651392,0.12648901235015467
jazz,1733.7356811346049,3379.9718020410382,0.06870037884280743
jazz,2777.8434123208845,5813.698384933295,0.1308816554282676
jazz,2503.5410170407163,5155.861527515951,0.09586928412606342
jazz,2634.043115077565,5561.861495794664,0.1078452031370843
jazz,3029.524006692204,6202.203666527697,0.14034857163573086
jazz,3026.5185290322397,7277.273396715487,0.10012748936581593
jazz,3905.0663421586682,8036.631063297564,0.2066977988447409
jazz,3393.080458875416,7233.19944306482,0.14964517473897912
jazz,2875.155262931994,6139.435961517546,0.11831247281032482
jazz,2860.6831509039876,5605.1610535092805,0.14755912243812838
jazz,4135.738578404693,8257.483788156178,0.26163718097447797
jazz,1846.8634833838028,4332.179037213602,0.04283468979601701
jazz,2428.058768410789,5925.969141984484,0.069027032579273
jazz,1787.7638893804722,3905.2287444714325,0.06275188212973705
jazz,1875.1521594572132,4292.518307714618,0.054141818324632635
jazz,2959.1578862773017,6065.55192774797,0.15147972254447023
jazz,2215.267218635689,5026.545733033643,0.07547665011117556
jazz,2152.8430463253017,5015.7957851471865,0.08172045690738593
jazz,1077.2680007298775,2111.702776065835,0.04150088517498066
jazz,1854.6319159218997,4282.218009081352,0.06336251691802011
jazz,1873.8376247337064,4008.739667923434,0.07771677723801237
jazz,1176.326568022795,2344.729338112674,0.039907645736658934
jazz,1885.6190151488076,4357.001341357309,0.058131147887664346
jazz,1492.5309939204085,3377.149003951566,0.046179019842420725
metal,3274.50233695886,6408.00146824246,0.18301936811194897
metal,2922.918811417647,6037.132429578742,0.1528407168406806
metal,2198.9192293914725,4447.472436466793,0.12834093133700697
metal,2752.293220771919,5234.80827880293,0.16667346408546016
metal,3403.076270500999,6902.990354462732,0.19235071357791958
metal,2464.5835110221637,4952.087147440545,0.13431926116589327
metal,3237.0244682555635,6228.183401156468,0.1980427965487239
metal,2939.593464244178,5806.928665621374,0.16831088674593966
metal,2966.0022578655708,6189.363682297709,0.14056155742459397
metal,2250.8283209687615,5112.253876794519,0.09464725928074245
metal,3048.9220500098186,5663.032577762471,0.19649222979505027
metal,2699.8589074887423,5157.318724169809,0.1714403428315932
metal,2803.074835916438,5262.3867663319315,0.1768272972254447
metal,3047.617764168932,5735.609297962587,0.20352264899941996
metal,2877.5418766654234,5198.586533407048,0.18525232018561485
metal,2986.8439274816596,5817.953399162558,0.16920927892981438
metal,2743.501897552695,5129.681948774652,0.1795621253866976
metal,2656.941556285865,5327.1529124673725,0.15871519721577726
metal,2291.710323082219,3886.018729154582,0.18026074898491878
metal,2699.3192596794,5384.857899960121,0.16142736731438515
metal,2657.9674957731663,5358.286959831787,0.15234903688128384
metal,3046.6375964393765,5734.984785110933,0.19154597471964424
metal,2218.825904089443,4780.271171693736,0.10695209783449343
metal,2575.3453604073156,5056.738847701567,0.131706408908546
metal,2410.87784256885,4950.005437935035,0.12828881779292342
metal,2384.6349581046015,4584.132502084542,0.12607323690061872
metal,2870.915156290069,5186.379388866734,0.1981458907337587
metal,2398.1820899923205,4866.162505891096,0.1282435016676334
metal,2789.433630096567,5346.429542488399,0.17988877912316317
metal,2954.987188644721,5928.192407736369,0.16328041920436967
metal,1525.819725147997,3501.193909965922,0.051180787171307036
metal,2566.91858339228,5444.63627012036,0.1251472774071926
metal,2502.977404109766,4762.87640706569,0.1481127344354215
metal,2030.4879168259463,4224.296523800029,0.09999833840873937
metal,2707.018738290395,5291.122684345998,0.16082730628866976
metal,2836.9908685116243,5615.31146905815,0.16275324161349575
metal,2685.678092352649,5331.258043612239,0.16043343363302398
metal,2292.5497866867986,4820.373223607889,0.12360086463167054
metal,2690.7078061431353,5088.622310487964,0.14825774603634959
metal,2098.946281494044,4449.612433838457,0.08823464991782676
metal,2710.685063554155,5083.10161687935,0.1665242985063805
metal,2269.1618713103626,4186.5592938841355,0.1373478888727765
metal,2464.2908932653336,4549.026552983613,0.15186113326566125
metal,2683.2329169635404,4972.29638332004,0.17726459783449341
metal,2760.046329477624,5259.580621918503,0.17120583188321734
metal,2390.3250702324603,4449.812277950986,0.14432166292053364
metal,2795.3269859130346,5455.111432352088,0.16367995637567673
metal,2908.3001309605806,5405.816551261601,0.1781082330336427
metal,2889.070230029977,5484.788283062645,0.1765742821925754
metal,2980.0365062158285,5461.947766368185,0.19398775860402165
metal,2986.810443330355,5628.376277914733,0.1774496386794277
metal,3400.8644228665357,6163.292352450696,0.22838043189288476
metal,2716.919668513006,5123.145380927349,0.16219169929427688
metal,2906.6272868814203,5518.770109030597,0.1725668261794277
metal,3113.773135146241,5829.252918358468,0.19571807932134572
metal,3108.521763898349,5699.254323158352,0.19684040869102862
metal,3010.922425177517,5633.4556491081785,0.17930646691318639
metal,2718.6937188160364,5228.837935941126,0.1437182031854215
metal,2459.5208919140086,5024.347447795823,0.1428334058391338
metal,2442.504289617461,4728.594814928944,0.14982190762761022
metal,2315.2761541025193,4615.882735462587,0.1394849218145785
metal,2710.685063554155,5083.10161687935,0.1665242985063805
metal,2269.1618713103626,4186.5592938841355,0.1373478888727765
metal,2464.2908932653336,4549.026552983613,0.15186113326566125
metal,2683.2329169635404,4972.29638332004,0.17726459783449341
metal,2760.046329477624,5259.580621918503,0.17120583188321734
metal,2390.3250702324603,4449.812277950986,0.14432166292053364
metal,2254.606986104016,4381.532206170244,0.12011605459686775
metal,2302.533109168331,4598.9875811158645,0.13070114619586234
metal,1740.9312223433867,4109.827481511021,0.05375889706593194
metal,2743.073339684432,5626.144685324826,0.14284662304234338
metal,2807.8057561672995,5673.857467191126,0.15372966816511988
metal,2339.8927465134484,4708.18573493692,0.11677021401295437
metal,2642.0924576803404,5567.132384262616,0.1212886093387471
metal,2725.3111027767286,5496.87885187065,0.13498352003576952
metal,2068.4834099126797,4439.486998803654,0.08885850190931942
metal,2792.6082415451833,5321.340779527987,0.16249154098994587
metal,2740.9191494780016,5408.697637217228,0.15991871797660479
metal,2814.947126588473,5897.1582824282195,0.13179062137470998
metal,2710.4946367774082,5323.439142709542,0.14385528446442383
metal,2847.6827665456854,5929.641277552204,0.1440546754156999
metal,2138.144345986772,4201.114606746664,0.12193549702726218
metal,2378.4924001543222,4748.421016259425,0.1412658455384764
metal,2340.9255025807374,4716.54588031105,0.12287165264887857
metal,2522.1247438723517,5088.755539896317,0.1385170449052591
metal,2647.101020975536,5304.828659730279,0.1577129555781129
metal,2629.8501440745704,5190.917515588747,0.15901012966453984
metal,3338.5301942115357,6670.904725112384,0.18673944436388246
metal,1988.3335983380534,4148.097629060325,0.09239202677880898
metal,1443.8328603987704,3286.428103701421,0.046537772500966745
metal,2141.580203124421,4683.230201384861,0.08463503903228925
metal,2323.601876230782,5018.635236912703,0.1200435487964037
metal,2090.193243882934,4392.865032718242,0.09328588735015468
metal,2644.877602537062,5176.9201008736945,0.1416087375531709
metal,2707.018738290395,5291.122684345998,0.16082730628866976
metal,2446.2488617975387,5192.782727305685,0.12111678569702243
metal,2493.5070129592455,5104.942913011166,0.12817326167343387
metal,1983.7751575084244,4242.224206061485,0.08622601266434649
metal,2241.1592830281006,4490.771994181409,0.11569735474671307
metal,2375.3719707454475,4898.1542175717805,0.10796566850348027
pop,3422.0718638777685,7953.037936394287,0.1267201245891338
pop,3702.062802894826,8072.9693844257545,0.14939442551237433
pop,3214.01967827975,7424.267068318591,0.11886608480761794
pop,1837.4928259861476,3671.361171784368,0.08532308886794276
pop,2753.2347231451085,5986.838327925609,0.12370886806361175
pop,2290.14021271062,4748.687475076131,0.10673155935808198
pop,2125.387814463357,4978.558165512616,0.06768001075502707
pop,1967.744332450365,4125.7567226471865,0.08230050331109823
pop,2884.9162662284352,6428.876851163718,0.12125651041666667
pop,3279.5319127248636,6952.518387017836,0.1727420485305491
pop,1900.384454029494,4189.7318191705335,0.06617287195475638
pop,2200.3688928202637,4626.45781975058,0.08708475323859242
pop,2679.229420619229,5533.5918807098315,0.12588517498066512
pop,2150.030333919017,5224.7411316342805,0.05164452218677494
pop,1997.9152625255454,4139.121297672564,0.08802619574149265
pop,3207.617470903022,7020.323829031323,0.1415838136842614
pop,3488.897943286259,7496.760520138486,0.1533135150812065
pop,2789.3877172068255,6113.039884987674,0.12616349151682135
pop,3433.9852325067322,7932.862007866879,0.12767176322022428
pop,3131.3254325021653,6553.363079593242,0.15598678883894046
pop,3486.4421684913805,7442.561131453016,0.17964142860595514
pop,3501.7665177124118,7199.7089005401685,0.18691957596191028
pop,3206.647958001011,7019.799238235933,0.14153094487142304
pop,3758.7805887809614,7853.9235834179235,0.1775614184551431
pop,3301.0929850079233,7301.5711100638055,0.14444628226508122
pop,2927.9899764980723,6815.933262942285,0.10568551213263727
pop,2525.5919589591927,5552.801896026682,0.10349447747486465
pop,2682.2841409756757,5956.0789882721865,0.1018672509425754
pop,2945.9657785971135,6654.684044645446,0.12120741794760248
pop,2988.4872553900304,6919.161073901537,0.11151920799497293
pop,3070.672740776136,6653.076964907193,0.14867918600154678
pop,3110.8981962269786,6744.988602994489,0.15285733275328692
pop,4225.461048306688,8483.38257685615,0.22864062197892498
pop,2835.1193752816057,5944.9793131888055,0.1370099061049884
pop,3141.575395070785,7236.996481202871,0.130993435203983
pop,3194.0815505953037,6993.553044790458,0.15931563587587008
pop,2944.414729189786,6878.242991861224,0.11505650920823667
pop,3237.8331637065016,6701.355971758991,0.16480568445475638
pop,3267.766911666797,6921.259437083092,0.14650325671887085
pop,3934.6761086209804,8525.399801515372,0.18711179186001548
pop,1962.10174151712,3820.6530506815543,0.09577563080046404
pop,2053.421991383234,4506.518044881091,0.07533088324149265
pop,3001.3998390078727,6442.932553744925,0.14367213179137664
pop,2702.9067305248905,5775.678042524652,0.10325052566705337
pop,3145.363680952142,6691.938317956062,0.13560510622099767
pop,2843.3506413882114,6481.061145047854,0.12496148129350348
pop,2838.5120944344094,6486.948219529438,0.1221488604505027
pop,3151.3426232441357,7293.569018724623,0.12735455034319412
pop,4052.736284626131,8382.994217662414,0.2106100909947796
pop,1988.190131263531,4267.096471233323,0.06611396099187936
pop,3046.523748324695,6630.777692684164,0.11862590934358082
pop,4157.988001710874,8677.730976290602,0.23009564723511214
pop,3663.396966933648,7777.549825079756,0.15602568517981438
pop,2638.945071813565,5625.495191959107,0.10692755159996133
pop,3497.720405933398,7662.173157446346,0.13598953801720803
pop,3941.417696318185,8260.423161977958,0.16747971348124516
pop,3682.7414342574343,7568.646112782772,0.14555350625966745
pop,3672.8534749746746,7783.88654881453,0.15405896534222738
pop,2939.0735059732497,5748.815663065545,0.14566604130413766
pop,3728.3891590040334,7635.0859533606435,0.14473441729505027
pop,3497.720405933398,7662.173157446346,0.13598953801720803
pop,2949.6800647860855,6068.40803318953,0.11193838215390564
pop,2467.9251572056874,5480.674825079756,0.09815737081883218
pop,1826.4363763466288,3795.9306685941124,0.07461564373066512
pop,3647.914740974154,7113.759278476653,0.20587380063321734
pop,2519.3455234656853,5497.911379785382,0.10012635646268368
pop,2844.9380068612104,6841.255177367314,0.0997370154195669
pop,3889.1427979836844,8055.1083168684745,0.1909561098221191
pop,3262.9888381783744,6715.594864776682,0.1549981420388631
pop,2327.3042883656067,4929.812855731583,0.09544520072022429
pop,3142.6674697923404,6826.525000906323,0.13640418056361175
pop,3889.1427979836844,8055.1083168684745,0.1909561098221191
pop,2568.447243315681,5349.868526591502,0.13159538440158547
pop,3669.810466570258,7876.372738725348,0.16179669373549885
pop,3420.362078342947,7790.464750851943,0.130859375
pop,3644.7182707334355,7658.242889899942,0.1591457004060325
pop,3543.3211015342667,7779.922973916038,0.14274050778228925
pop,4036.598130555536,8331.018094728828,0.21382753589037123
pop,3123.159015699048,6616.363936068011,0.14262155295340295
pop,1995.1863128060938,4383.364110535093,0.07252581508604021
pop,3151.406047783485,7294.5599124492455,0.12755734000386698
pop,2246.5077750266328,5154.995536361659,0.08596620021268368
pop,3169.134248059376,7556.0892410455335,0.1003438738640758
pop,2489.447357851833,5976.6962392147625,0.08426080336426914
pop,3263.2580881824388,6830.038926551624,0.13584263824439288
pop,2516.3904027255376,5087.9478366081785,0.12202575164346481
pop,3593.7703164134628,7634.611323593387,0.18515413524748647
pop,3588.1493148981713,7948.000199390951,0.14645907349671308
pop,3510.545185903128,7255.865096160818,0.17195732429427688
pop,3400.226425763872,7052.723555775087,0.16564063406322505
pop,3603.816900374411,7960.298939149507,0.1475236248066512
pop,3694.9173925155565,7867.8210760767115,0.16674106063901778
pop,3270.0808829080115,6880.766023781903,0.14528500821732404
pop,3259.351118526445,7269.646013087297,0.13163352547370458
pop,2806.873512822643,6104.063553599913,0.12851841949439288
pop,3047.4927543771933,7385.888671875,0.10640263981535189
pop,3126.570348199454,6931.9177897513055,0.10530825538959783
pop,3508.793497842634,7585.041656848173,0.13715000845901004
pop,3633.1617304451615,7532.774094583817,0.18300841671500387
pop,2765.1075887449138,6871.273428436775,0.09597275594547564
reggae,2133.3521515473035,4801.404686593677,0.09779937342904099
reggae,1638.9307245186242,3574.7781775667054,0.06396975299690642
reggae,1796.8948919886882,3925.263116752465,0.07510279207753287
reggae,1923.603059591631,4154.2594891966355,0.08490731341840681
reggae,2009.7625946802286,4304.875335339327,0.08445301926237432
reggae,1798.3807585425818,3796.5385277697214,0.0730159845079273
reggae,1417.9574886379262,2880.3365402044665,0.06082141519238206
reggae,1754.1768111795132,3768.9933475928074,0.07387510271655066
reggae,1691.338555436706,3656.0647703378772,0.06943789878190255
reggae,1609.837286010451,3270.9318581424013,0.06057066596577726
reggae,2149.1587886569278,4426.5970535455335,0.10275318119199536
reggae,1995.2769651140734,4557.769732906758,0.07027624709976799
reggae,2300.0428803814098,4920.853178019866,0.11374762845610982
reggae,1608.5066742461875,3436.710876323231,0.07061687330819799
reggae,1716.0497964664391,3790.5515312318735,0.06409059599767981
reggae,1923.1216152231768,4492.270825025377,0.06818641845514307
reggae,2118.551041160394,4853.047736006381,0.07924770700406032
reggae,1803.95381055857,3779.060494761456,0.07795204345514307
reggae,1907.6056942036873,4220.649368746374,0.07740447360788863
reggae,1754.0198285353754,3840.3376957656615,0.0712822650812065
reggae,1637.688337885246,3595.620253135876,0.056755803485112145
reggae,2006.849363904241,4323.369242586282,0.09282441814095127
reggae,2059.0247748045203,4553.198298832656,0.07230036736272236
reggae,2354.8865441845633,5050.202279854263,0.12024747136020882
reggae,1811.4103936654164,3854.8513744380803,0.07214969124613302
reggae,1708.9705332649312,3582.5804247933584,0.07374708466260634
reggae,1840.8628555568273,4007.2907981075987,0.07454389319895592
reggae,2086.391662520048,4678.8586114232885,0.08734909730278423
reggae,1640.7106468821482,3497.346910799739,0.06780765117459396
reggae,1585.3619273400423,3735.8608591031034,0.04365755510440835
reggae,1814.1339363070717,4069.00099468895,0.07047110643851508
reggae,1579.8511126280443,3541.995416273927,0.05865832547853828
reggae,1510.7924591573858,3319.1775576421114,0.06583149047757154
reggae,1615.8305954532223,3560.6641871193447,0.059114130172080434
reggae,1291.49906864181,2827.5527139827436,0.04460126341357309
reggae,1699.3251213149977,3786.1216534041473,0.06128250676720804
reggae,1811.1579026505945,4119.003657011311,0.0592051400570379
reggae,1709.7371262036559,3838.08944949971,0.06325753456109823
reggae,1701.0178296815602,3693.693751359484,0.06552258555684455
reggae,1312.5009449202723,2648.3175255582946,0.025934796137857694
reggae,2032.5080275306436,3839.0303821962007,0.1010474067092034
reggae,1930.4048085685063,4120.219375362529,0.05900574910576179
reggae,2479.991063724072,5047.412789116879,0.105634531491686
reggae,1484.7799129182074,2775.1852296621228,0.0760128909271075
reggae,2455.426131281741,5584.577109918793,0.08757227921983758
reggae,4281.984674096292,7925.459448865284,0.2237736701227765
reggae,2322.2154852399008,5227.597237075841,0.08096405524941995
reggae,2478.0490603630687,4759.937033243909,0.1149432188950116
reggae,2673.223822306729,5608.450154527987,0.11116763038959783
reggae,2322.240523866596,5450.573305630075,0.08068951505703789
reggae,2955.030353182864,5869.496526518997,0.12703658219740913
reggae,4274.292786512983,7674.580146099188,0.27463082463263727
reggae,3289.1034005754636,7286.299689131381,0.1340670014017788
reggae,2004.6584158276357,4159.813490157338,0.08975349538379737
reggae,2542.483268553463,5477.693817067865,0.10157722774071926
reggae,2525.5469562709054,5595.360365157338,0.08219627622293117
reggae,2173.8734628702273,4658.516146135441,0.08315697807907967
reggae,2169.6559456996456,4773.88448693083,0.07884288295146945
reggae,2631.1187832454702,5698.113546349333,0.11195424279775715
reggae,2671.481384342479,5699.20436213022,0.11736196708236658
reggae,2395.5102135646594,4791.645632431844,0.11850204526778808
reggae,3123.715745645115,6474.557884552639,0.13354284488592422
reggae,2112.968318838473,4785.22564031685,0.06084407325502707
reggae,1910.8838166956766,3940.2847325442285,0.08333522150522042
reggae,3094.4494679187587,6975.225674303944,0.10086425403615623
reggae,2081.187059476724,4365.952692231003,0.08282126111755607
reggae,1629.2960017192215,3258.641445221868,0.06708825768561485
reggae,1728.9380569839393,3519.6045488326567,0.06046832704949729
reggae,2104.695061638517,4381.024269050899,0.07783120045436968
reggae,2460.5870773027177,5286.859343278712,0.08037456798627224
reggae,2288.627178100081,5005.570428056119,0.060985686146558395
reggae,3109.7327645271375,6393.12140869707,0.12158920630317092
reggae,3089.7484730911488,6574.88795588022,0.13615569714327147
reggae,2152.9019278799583,5073.059450224768,0.05103162159222738
reggae,2148.49442922645,5063.999850456787,0.05099348052010828
reggae,2481.5194522237502,4847.385486151392,0.13501222024845322
reggae,2456.3701094702765,5054.457294083527,0.08823842626160093
reggae,1778.172233591523,3821.7855006525524,0.06088825647718484
reggae,2316.9096279606097,4680.049349260441,0.09374924473124517
reggae,3002.6481938382785,5293.021203415024,0.1863670968677494
reggae,2539.081379106247,5260.713071889501,0.09429756984725444
reggae,2566.857509437963,5313.696742223753,0.09938166147041763
reggae,2566.857509437963,5313.696742223753,0.09938166147041763
reggae,1366.6849879747774,2563.3254898673144,0.0711814367024362
reggae,1788.5211001813198,3820.544801787268,0.07597437222061099
reggae,1797.2434967059141,3439.675230659078,0.0993631573859242
reggae,4435.732059302078,7625.9014510223315,0.26014779098994584
reggae,3296.462832779134,6910.209723027842,0.12183240284222738
reggae,3880.9607426552216,8249.673214091503,0.18918764803267596
reggae,1052.543425045615,2055.8963076421114,0.038035334493426144
reggae,2868.345135224565,5797.136304107454,0.13065696297370458
reggae,2314.083798452271,4559.834788736224,0.12383575321442382
reggae,2170.387167840117,4305.982804796258,0.11999294578982986
reggae,2109.7985596894723,4606.440101145592,0.0892859840245553
reggae,2022.4897300831608,3834.3673529038574,0.09561853489945862
reggae,2617.1778006286586,5719.163792869054,0.1031685790071539
reggae,1630.16101822981,3183.699903023492,0.0796547968629157
reggae,2007.0624463203942,4137.222778603538,0.09398639912026295
reggae,2026.4167424052794,4462.868759969548,0.0648337804524362
reggae,2467.1929456866374,4723.590385277697,0.13959632395591648
rock,1996.329188697747,4227.868737311485,0.09022025147428461
rock,1529.2908080956656,3271.448122099768,0.05495977438611756
rock,1875.1802164622393,3929.4931504676624,0.07680441258217324
rock,1421.3550411262568,3042.7015547962587,0.0430986562258314
rock,1345.841383418394,2939.1573239921695,0.04107944520978345
rock,1542.1092953993343,2869.7864364305397,0.07702117471481051
rock,1676.1460477207677,3255.327363689095,0.08730529171500387
rock,1282.1973339054578,2675.912666763341,0.047179750942575406
rock,1717.0993092104313,3362.1523686738688,0.08495074137180975
rock,1181.326607089661,2367.3450301805397,0.04253295992846094
rock,1857.9725986494295,4191.671972429669,0.07170823665893271
rock,1537.4684493421905,3416.651523528132,0.05433025787896365
rock,1863.7644718857396,3986.232224749855,0.0682249371616396
rock,1597.5180157344882,3826.665027733469,0.04610991275135344
rock,1937.0023676443107,3985.824209686775,0.0835791733130317
rock,2335.5199316347857,4500.064745414008,0.11416000519624904
rock,2459.5208919140086,5024.347447795823,0.1428334058391338
rock,2312.0661578932604,4528.392648364994,0.14054758495262953
rock,2209.1820036909885,4593.891556246374,0.11578005667536737
rock,2321.1497598885144,4701.357727758846,0.12819063285479504
rock,2188.057530674935,4431.917903041618,0.11753303545533643
rock,2158.1594853409797,4245.813073248985,0.121568436412413
rock,2342.4462721453447,4595.4403481184745,0.13844302856728538
rock,2294.7279252035287,4847.935057460847,0.11556707088650425
rock,2320.3950808692307,4466.440973481003,0.14343044578982986
rock,2510.07314252411,4735.123055938225,0.15782813406322505
rock,2263.203109326082,4603.001117042489,0.12290601737722351
rock,2669.3593345236,5445.8670695868805,0.13342209570917182
rock,2046.8578301908997,4095.472012761021,0.10197110039636505
rock,2445.1189674157067,5173.572711988834,0.11150145917923433
rock,2944.617225098909,6333.584516839473,0.11491716212296983
rock,2639.1039096273103,5302.99675536543,0.1324454393851508
rock,2344.5259235128556,4728.642093571088,0.11589709565839694
rock,1674.1340437310519,3431.789715052204,0.07487394564481825
rock,2788.3693356571966,5832.197276824111,0.13492539898700306
rock,1867.4143288199461,4271.110007159948,0.05698049593967518
rock,2850.236430403512,5897.606074892241,0.14704748862547892
rock,2626.8195142103973,5047.29621338457,0.14627101157675948
rock,2794.963091628599,5862.422884064193,0.14055017052051083
rock,2559.166384767606,5447.017745794664,0.12275949523878577
rock,3010.0558252943074,6131.283987093968,0.14475178847641146
rock,2806.872615958848,5677.17987556192,0.14835555334010053
rock,2794.8199158537072,5878.15643806192,0.13765528325599383
rock,2739.501165243808,5326.7365705662705,0.14395686811194897
rock,1651.7562246177304,3455.7460280416185,0.06890203560034802
rock,1561.4111067130552,3243.286755909223,0.07895466272718484
rock,2429.0679000761247,5035.572025449536,0.11818445475638051
rock,2997.8538382881115,5962.265828922564,0.1562231879592034
rock,1646.6359257324248,3184.299435361079,0.08525284887374324
rock,2078.0554239577727,4496.092843677494,0.09133351761890951
rock,1721.1466519043972,3811.3186652588456,0.05330347000676721
rock,3031.127685864391,6732.748151102088,0.12085810614849188
rock,2186.669241082053,4462.893740483613,0.08856659053557618
rock,3361.7679741880775,6920.343484900667,0.18754758193155452
rock,2632.272033619275,5309.982972465922,0.13240314433488012
rock,1712.289370983157,3618.4024819641822,0.06657807364172467
rock,3303.2031125307344,6717.260232381091,0.17753347351121423
rock,3488.5019910192823,7659.9582185324825,0.17507016446732404
rock,2438.175192954676,5499.360249601218,0.09895493462393658
rock,2424.519698838249,5644.713534113979,0.08653680575696056
rock,2796.584436106161,6203.061330843968,0.13464402673047177
rock,2072.154517807153,4688.517743528857,0.06905497752320186
rock,2946.6326071058666,6983.236092481148,0.10852154630703789
rock,1711.1692946901107,3491.7013146207946,0.05584948097931168
rock,2181.338268438534,4689.725135042054,0.10636978562451663
rock,2294.229735153561,4730.226875181264,0.12909317901682135
rock,2209.486739749316,4575.022941288428,0.10714657953886311
rock,2414.1618650276037,5213.041924213312,0.11988569762664346
rock,2467.2607802086272,5402.8105627356435,0.11827508700696056
rock,2568.395445802274,5364.140726961282,0.13763375809648104
rock,2511.714306230509,5129.615334070476,0.13911899410286155
rock,2025.0641305486586,4570.99275168576,0.09080369658739366
rock,1933.3373461978688,4359.765851580626,0.08170157518851508
rock,2223.969176505625,4917.48080862094,0.11002037715100542
rock,2140.2830873710195,4831.456245015226,0.09114092408642692
rock,2301.7700377608567,5092.044640915024,0.11151731982308585
rock,1659.591367670287,3580.332178527407,0.07118068143368136
rock,2187.9366584276518,4993.8046059309745,0.10623761359242073
rock,1877.968347176715,4285.490456424014,0.0717101248308198
rock,2148.400918539368,4479.280957710992,0.10910574668890177
rock,2606.2611466468375,5339.318422817575,0.14967274204853054
rock,2553.6435090564128,5123.536742314385,0.1361319061774942
rock,2975.773811493968,5926.5353669699825,0.1837123271945089
rock,2116.1456021561394,4689.983267020737,0.09278892050947408
rock,2581.5076039009978,5390.361939892691,0.1392005631283836
rock,2255.867398236704,4508.88286687935,0.12097706097737819
rock,2521.2256237987076,4830.540292832801,0.14628158533932714
rock,2334.5190611030093,4819.107544228538,0.12855316185711524
rock,2590.781523555563,4889.452671838747,0.16172267739752513
rock,1609.7586945896,3380.4464318082946,0.07325653760634183
rock,2495.6841558449564,5213.03359737529,0.12063605713457076
rock,2474.465349821513,4754.649491099913,0.15013458889211137
rock,2471.4537522284268,4687.268717825551,0.15093857248163187
rock,1939.7222612064577,3748.5176528966067,0.09832088650425368
rock,2628.9166256267,5085.982702834976,0.14664940122293116
rock,2008.1745209297676,4253.6236473136605,0.08922745069605569
rock,2006.827265021438,4149.1717911651685,0.09766418032192575
rock,2077.565822171052,4031.530223589762,0.12182258434841454
rock,1398.6495042529389,3015.5976970345127,0.048724275546210366
rock,1609.7851807206855,3246.925584124855,0.07630480230085074
